7lPN2DXiMsVn7XUKtOW1CS,5QO79kh1waicV47BqGRL3g,0VjIjW4GlUZAMYd2vXMi3b,5Kskr9LcNYa0tpt5f0ZEJx
4MzXwWMhyBbmu6hOcLVD49,1xK1Gg9SxG8fy2Ya373oqb,3tjFYV6RSFtuktYl3ZtYcq,3CeCwYWvdfXbZLXFhBrbnf
27OeeYzk6klgBh83TSvGMA,5vGLcdRuSbUhD8ScwsGSdA,60ynsPSSKe6O3sfwRnIBRf,6f3Slt0GbA2bPZlz0aIFXN
3YJJjQPAbDT7mGpX3WtQ9A,7vrJn5hDSXRmdXoR30KgF1,35mvY5S1H3J2QZyna3TFe0,3VT8hOC5vuDXBsHrR53WFh
5nujrmhLynf4yMoMtj8AQF,2XIc1pqjXV3Cr2BQUGNBck,6Im9k8u9iIzKMrmV7BWtlF,0D75ciM842cdUMKSMfAR9y
4saklk6nie3yiGePpBwUoc,1diS6nkxMQc3wwC4G1j0bh,1M4OcYkxAtu3ErzSgDEfoi,3VvA1wSxukMLsvXoXtlwWx
7hxHWCCAIIxFLCzvDgnQHX,31qCy5ZaophVA81wtlwLc4,45bE4HXI0AwGZXfZtMp8JR,7qEHsqek33rTcFNT9PFqLf
6ft4hAq6yde8jPZY2i5zLr,1tkg4EHVoqnhR6iFEXb60y,54bFM56PmE4YLRnqpW6Tha,2Oycxb8QbPkpHTo8ZrmG0B
6UelLqGlWMcVH1E5c4H7lY,6cx06DFPPHchuUAcTxznu9,1yoMvmasuxZfqHEipJhRbp,4loQgPwJHocL3dFwLfjb1J
02MWAaffLxlfxAUY7c5dvx,5uEYRdEIh9Bo4fpjDd4Na9,2QjOHCTQ1Jl3zawyYOpxh6,2vBET2pmrQqafaS6zIaYta
4Oun2ylbjFKMPTiaSbbCih,1rgnBhdG2JDFTbYkYRZAku,3PfIrDoz19wz7qK7tYeu62,1HbA4N1MiOsPthALesGFR1
7ytR5pFWmSjzHJIeQkgog4,7ndTONDDRFGiPnnhOzOXxq,3Uo7WG0vmLQ07WB4BDwy7D,0zLCBJZSiELJf02ucPP9wb
4y4spB9m0Q6026KfkAvy9Q,4xqrdfXkTW4T0RauPLv3WA,7BIy3EGQhg98CsRdKYHnJC,2gMXnyrvIjhVBUZwvLZDMP
0PvFJmanyNQMseIFrU708S,0E4Y1XIbs8GrAT1YqVy6dq,2etHQJxIbV0soyPhelVs9Y,7fBv7CLKzipRk6EC6TWHOB
5YaskwnGDZFDRipaqzbwQx,3FAJ6O0NOHQV8Mc5Ri6ENp,6zFMeegAMYQo0mt8rXtrli,5RubKOuDoPn5Kj5TLVxSxY
5u1n1kITHCxxp8twBcZxWy,7uoFMmxln0GPXQ0AcCBXRq,1J14CdDAvBTE1AJYUOwl6C,20McUFi8KCIVdNDLrkTDuZ
2SAqBLGA283SUiwJ3xOUVI,7szuecWAPwGoV1e5vGu8tl,21N4Buj4xsyLb218lYle61,285pBltuF7vW8TeWk8hdRR
7eJMfftS33KTjuF7lTsMCx,2mM3gZ0BbPwPPMelbA8vgt,0u2P5u6lvoDfwTYjAADbn4,21jGcNKet2qwijlDFuPiPb
35UUpTmrcFXNIVIN26ujXl,7D7EH7MGyNHWSkqrszerI1,5Km4r87BoX2qqtoprYS1gh,6gBFPUFcJLzWGx4lenP6h2
5YYW3yRktprLRr47WK219Y,2VxeLyX666F8uXCJ0dZF8B,45S5WTQEGOB1VHr1Q4FuPl,0RiRZpuVRbi7oqRdSMwhQY
1xQ6trAsedVPCdbtDAmk0c,2MJz8BxxMsERULatmBikDH,0EhpEsp4L0oRGM0vmeaN5e,3jjujdWJ72nww5eGnfs2E7
15OjBeqNX3bShsGYQbteRv,3H7ihDc1dqLriiWXwsc2po,2U5WueTLIK5WJLD7mvDODv,0nbXyq5TXYPCO7pr3N8S4I
6v3KW9xbzN5yKLt9YKDYA2,3iw6V4LH7yPj1ESORX9RIN,68mrW6gXHgupgSiDHgaDi5,2bgcUk2A3jjKbCJ7KPquTi
73nAK3HgQK8dak83Y2WQ8F,5uCax9HTNlzGybIStD3vDh,2b8fOow8UzyDFAE27YhOZM,55Am8neGJkdj2ADaM3aw5H
27X3qzgB0Show6qfw5wNOK,4PEfJZpVjdclfzZ9XO8uDw,22LAwLoDA5b4AaGSkg6bKW,0tgVpDi06FyKpA1z0VMD4v
7MXVkk9YMctZqd1Srtv4MB,249gnXrbfmV8NG6jTEMSwD,7kDUspsoYfLkWnZR7qwHZl,0pqnGHJpmpxLKifKRmU6WP
6Hj9jySrnFppAI0sEMCZpJ,7m9OqQk4RVRkw9JJdeAw96,7EWXP47VlXKO3r7mNxuWHw,5E30LdtzQTGqRvNd7l6kG5
2gqWRRCXnma9L8xQ1RdemQ,3U4isOIWM3VvDubwSI3y7a,2Fxmhks0bxGSBdJ92vM42m,017PF4Q3l4DBUiWoXk4OWT
5y7DaS3jAc9eZzcSOoUIwU,3eekarcy7kvN4yt5ZFzltW,4VXIryQMWpIdGgYR4TrjT1,7qiZfU4dY1lWllzX7mPBI3
03B2SfXuvDh1m9F4tqrX07,59qrUpoplZxbIZxk6X0Bm3,48q0vSHcJdhK3IiXH8C5WJ,2rRJrJEo19S2J82BDsQ3F7
4HBZA5flZLE435QTztThqH,4HYDUMY0xSpeBr0AMY9cUz,3dYD57lRAUcMHufyqn9GcI,73O30uMI7n6DuzBmbtO7kC
3rq5w4bQGigXOfdN30ATJt,1K5KBOgreBi5fkEHvg5ap3,2Y0wPrPQBrGhoLn14xRYCG,6ocbgoVGwYJhOv1GgI9NsF
2kJwzbxV2ppxnQoYw4GLBZ,79s5XnCN4TJKTVMSmOx8Ep,0ofHAoxe9vBkTCp2UQIavz,11EnQRgRMJwMAesfkB5pnu
2r6OAV3WsYtXuXjvJ1lIDi,3ee8Jmje8o58CHK66QrVC2,5GXAXm5YOmYT0kL5jHvYBt,1ZMiCix7XSAbfAJlEZWMCp
1ere9b9vDw2N3m9d4uiXxa,6AGOKlMZWLCaEJGnaROtF9,3GtnId3Cm1Xa6joCj08nzW,7k4t7uLgtOxPwTpFmtJNTY
1VLtjHwRWOVJiE5Py7JxoQ,2xLMifQCjDGFmkHkpNLD9h,1FP9s72rDYty6mfoOEYKnE,4RJz8NfIe09gpKMiRUWKhJ
4u7EnebtmKWzUH433cf5Qv,4C6BlqqMwjFzOXzqpTeoWR,6ZuahEctZD6w75peme58hm,1KixkQVDUHggZMU9dUobgm
7ju97lgwC2rKQ6wwsf9no9,2tnVG71enUj33Ic2nFN6kZ,3jjBPF4NDMCU51psU8JPpR,7FIWs0pqAYbP91WWM0vlTQ
3AJwUDP919kvQ9QcozQPxg,2kS6td1yvmpNgZTt1q5pQq,7BqBn9nzAq8spo5e7cZ0dJ,5rZlwNFl01HqLWBQGryKSm
4Lt6GXGzYsa1tgkv3nGSTm,6EDO9iiTtwNv6waLwa1UUq,26w9NTiE9NGjW1ZvIOd1So,2TksvaRivgAEj780DgRB73
7x4ASXYEKfQBCewcZhK776,0ZLuW8uOXdFNWcI40C0OC2,1JSTJqkT5qHq8MDJnJbRE1,6i7zAdNhzUN2k1HcrBxPHG
2ZRo7axmMPeSVUvDbGkJah,78SeXVRJ7KCqVmOwTiFjnI,0JAZWvvqttGFm4UMDsPQXC,30bqVoKjX479ab90a8Pafp
0GzuHFG4Ql6DoyxFRnIk3F,696DnlkuDOXcMAnKlTgXXK,4SFknyjLcyTLJFPKD2m96o,4G3PTss3mU33Tau7t4KbwE
6KfoDhO4XUWSbnyKjNp9c4,0A1hoCfMLkiAgvhWkkucJa,7B3z0ySL9Rr0XvZEAjWZzM,6fxVffaTuwjgEk5h9QyRjy
1f3yAtsJtY87CTmM8RLnxf,6sPBi0qLI6KM3yXX56NxsA,7BKLCZ1jbUBVqRi2FVlTVw,2f0pn9DkEJwAzXApnFh5cr
3ZCTVFBt2Brf31RLEnCkWJ,0JP9xo3adEtGSdUEISiszL,1Slwb6dOYkBlWal1PGtnNg,7yq4Qj7cqayVTp3FF9CWbm
2mt1IqcFyY1zmYZT8Q3xw9,466cKvZn1j45IpxDdYZqdA,3CRDbSIZ4r5MsZ0YwxuEkn,4frLb7nWtsz2ymBE6k2GRP
2tpWsVSb9UEmDRxAl1zhX1,3w1WjD2zJqjBjDz5fwqQPJ,62aP9fBQKYKxi7PDXwcUAS,3Dv1eDb0MEgF93GpLXlucZ
1DadkoAI2gicYJfindPY20,6FZDfxM3a3UCqtzo5pxSLZ,0hVXuCcriWRGvwMV1r5Yn9,1nYzjrdVQ8RpF93M0jPFW7
7Bk0uXKk1uPT0XuQbpFzvs,5ri4zqtWhG07hIuNNDWP76,6K4t31amVTZDgR3sKmwUJJ,3GVkPk8mqxz0itaAriG1L7